destination,name,interest
Paris,Experience local art in Paris,adventure
Paris,Experience authentic market in Paris,history
Paris,Experience famous cuisine in Paris,nightlife
Paris,Experience famous festival in Paris,adventure
Paris,Experience traditional market in Paris,food
Paris,Experience authentic cuisine in Paris,culture
Paris,Experience famous landmark in Paris,beach
Paris,Experience local festival in Paris,food
Paris,Experience traditional landmark in Paris,culture
Paris,Experience famous dance in Paris,nature
Goa,Experience local cuisine in Goa,nature
Goa,Experience traditional landmark in Goa,beach
Goa,Experience authentic cuisine in Goa,nature
Goa,Experience local landmark in Goa,food
Goa,Experience local landmark in Goa,food
Goa,Experience famous market in Goa,adventure
Goa,Experience famous music in Goa,beach
Goa,Experience traditional landmark in Goa,nightlife
Goa,Experience traditional music in Goa,history
Goa,Experience local festival in Goa,shopping
Kyoto,Experience traditional dance in Kyoto,art
Kyoto,Experience famous music in Kyoto,nightlife
Kyoto,Experience local cuisine in Kyoto,art
Kyoto,Experience traditional festival in Kyoto,culture
Kyoto,Experience traditional market in Kyoto,food
Kyoto,Experience famous art in Kyoto,adventure
Kyoto,Experience authentic dance in Kyoto,nightlife
Kyoto,Experience traditional cuisine in Kyoto,shopping
Kyoto,Experience authentic music in Kyoto,shopping
Kyoto,Experience traditional cuisine in Kyoto,history
Manali,Experience traditional festival in Manali,culture
Manali,Experience authentic music in Manali,art
Manali,Experience famous festival in Manali,nightlife
Manali,Experience authentic dance in Manali,beach
Manali,Experience local music in Manali,art
Manali,Experience authentic cuisine in Manali,beach
Manali,Experience authentic market in Manali,culture
Manali,Experience traditional cuisine in Manali,food
Manali,Experience authentic landmark in Manali,sightseeing
Manali,Experience authentic market in Manali,nature
Kerala,Experience traditional market in Kerala,history
Kerala,Experience local art in Kerala,shopping
Kerala,Experience local dance in Kerala,shopping
Kerala,Experience famous cuisine in Kerala,culture
Kerala,Experience authentic landmark in Kerala,history
Kerala,Experience local market in Kerala,shopping
Kerala,Experience local market in Kerala,art
Kerala,Experience authentic dance in Kerala,beach
Kerala,Experience local festival in Kerala,history
Kerala,Experience local landmark in Kerala,beach
Bali,Experience authentic landmark in Bali,beach
Bali,Experience famous market in Bali,art
Bali,Experience famous market in Bali,adventure
Bali,Experience famous music in Bali,nature
Bali,Experience local cuisine in Bali,shopping
Bali,Experience traditional landmark in Bali,sightseeing
Bali,Experience famous dance in Bali,history
Bali,Experience authentic music in Bali,history
Bali,Experience authentic festival in Bali,nature
Bali,Experience famous market in Bali,food
Dubai,Experience famous music in Dubai,beach
Dubai,Experience authentic art in Dubai,nature
Dubai,Experience famous festival in Dubai,food
Dubai,Experience traditional cuisine in Dubai,shopping
Dubai,Experience traditional art in Dubai,food
Dubai,Experience authentic festival in Dubai,sightseeing
Dubai,Experience authentic festival in Dubai,nature
Dubai,Experience local dance in Dubai,food
Dubai,Experience authentic music in Dubai,culture
Dubai,Experience famous festival in Dubai,art
Barcelona,Experience local market in Barcelona,art
Barcelona,Experience famous music in Barcelona,shopping
Barcelona,Experience famous cuisine in Barcelona,shopping
Barcelona,Experience local music in Barcelona,nature
Barcelona,Experience traditional music in Barcelona,sightseeing
Barcelona,Experience traditional art in Barcelona,food
Barcelona,Experience traditional art in Barcelona,sightseeing
Barcelona,Experience traditional festival in Barcelona,food
Barcelona,Experience authentic dance in Barcelona,culture
Barcelona,Experience local art in Barcelona,nightlife
Istanbul,Experience famous dance in Istanbul,culture
Istanbul,Experience traditional cuisine in Istanbul,history
Istanbul,Experience local market in Istanbul,nightlife
Istanbul,Experience local art in Istanbul,sightseeing
Istanbul,Experience local cuisine in Istanbul,nature
Istanbul,Experience famous dance in Istanbul,art
Istanbul,Experience local dance in Istanbul,adventure
Istanbul,Experience local market in Istanbul,sightseeing
Istanbul,Experience traditional art in Istanbul,history
Istanbul,Experience traditional festival in Istanbul,history
New York,Experience authentic art in New York,culture
New York,Experience local dance in New York,food
New York,Experience famous landmark in New York,nightlife
New York,Experience famous cuisine in New York,nightlife
New York,Experience famous festival in New York,shopping
New York,Experience traditional landmark in New York,nature
New York,Experience authentic market in New York,adventure
New York,Experience traditional music in New York,nightlife
New York,Experience famous cuisine in New York,culture
New York,Experience authentic cuisine in New York,nature
Tokyo,Experience traditional landmark in Tokyo,beach
Tokyo,Experience famous dance in Tokyo,nightlife
Tokyo,Experience authentic market in Tokyo,beach
Tokyo,Experience local music in Tokyo,nightlife
Tokyo,Experience traditional art in Tokyo,beach
Tokyo,Experience local art in Tokyo,beach
Tokyo,Experience famous music in Tokyo,nature
Tokyo,Experience traditional music in Tokyo,nightlife
Tokyo,Experience famous music in Tokyo,history
Tokyo,Experience traditional market in Tokyo,adventure
Bangkok,Experience local festival in Bangkok,nature
Bangkok,Experience famous cuisine in Bangkok,food
Bangkok,Experience famous music in Bangkok,shopping
Bangkok,Experience authentic dance in Bangkok,adventure
Bangkok,Experience authentic cuisine in Bangkok,culture
Bangkok,Experience famous cuisine in Bangkok,nightlife
Bangkok,Experience authentic festival in Bangkok,shopping
Bangkok,Experience local dance in Bangkok,history
Bangkok,Experience local art in Bangkok,art
Bangkok,Experience traditional art in Bangkok,food
Rome,Experience traditional music in Rome,beach
Rome,Experience famous art in Rome,nightlife
Rome,Experience famous landmark in Rome,culture
Rome,Experience authentic market in Rome,food
Rome,Experience local festival in Rome,history
Rome,Experience authentic dance in Rome,sightseeing
Rome,Experience famous cuisine in Rome,beach
Rome,Experience famous art in Rome,art
Rome,Experience authentic art in Rome,beach
Rome,Experience famous market in Rome,nightlife
Singapore,Experience local landmark in Singapore,shopping
Singapore,Experience local music in Singapore,nightlife
Singapore,Experience local festival in Singapore,culture
Singapore,Experience traditional market in Singapore,adventure
Singapore,Experience local festival in Singapore,food
Singapore,Experience local dance in Singapore,sightseeing
Singapore,Experience traditional art in Singapore,sightseeing
Singapore,Experience traditional music in Singapore,nightlife
Singapore,Experience famous landmark in Singapore,food
Singapore,Experience authentic art in Singapore,history
Leh,Experience local dance in Leh,adventure
Leh,Experience authentic dance in Leh,nature
Leh,Experience traditional festival in Leh,culture
Leh,Experience local art in Leh,culture
Leh,Experience authentic market in Leh,art
Leh,Experience local festival in Leh,nightlife
Leh,Experience local landmark in Leh,shopping
Leh,Experience authentic cuisine in Leh,nightlife
Leh,Experience famous cuisine in Leh,nightlife
Leh,Experience local dance in Leh,adventure
Cairo,Experience authentic market in Cairo,beach
Cairo,Experience traditional market in Cairo,history
Cairo,Experience authentic music in Cairo,beach
Cairo,Experience traditional festival in Cairo,food
Cairo,Experience authentic market in Cairo,adventure
Cairo,Experience authentic music in Cairo,culture
Cairo,Experience local music in Cairo,nature
Cairo,Experience traditional art in Cairo,shopping
Cairo,Experience famous art in Cairo,adventure
Cairo,Experience authentic music in Cairo,culture
Sydney,Experience famous music in Sydney,history
Sydney,Experience famous landmark in Sydney,food
Sydney,Experience local landmark in Sydney,art
Sydney,Experience local festival in Sydney,nature
Sydney,Experience famous landmark in Sydney,sightseeing
Sydney,Experience authentic music in Sydney,beach
Sydney,Experience authentic festival in Sydney,adventure
Sydney,Experience traditional music in Sydney,history
Sydney,Experience authentic festival in Sydney,sightseeing
Sydney,Experience local market in Sydney,art
Rio de Janeiro,Experience local cuisine in Rio de Janeiro,history
Rio de Janeiro,Experience famous art in Rio de Janeiro,food
Rio de Janeiro,Experience traditional cuisine in Rio de Janeiro,shopping
Rio de Janeiro,Experience authentic festival in Rio de Janeiro,shopping
Rio de Janeiro,Experience authentic festival in Rio de Janeiro,art
Rio de Janeiro,Experience local cuisine in Rio de Janeiro,beach
Rio de Janeiro,Experience authentic landmark in Rio de Janeiro,adventure
Rio de Janeiro,Experience famous dance in Rio de Janeiro,nature
Rio de Janeiro,Experience traditional market in Rio de Janeiro,shopping
Rio de Janeiro,Experience authentic music in Rio de Janeiro,art
Amsterdam,Experience famous dance in Amsterdam,beach
Amsterdam,Experience local art in Amsterdam,sightseeing
Amsterdam,Experience authentic market in Amsterdam,culture
Amsterdam,Experience famous festival in Amsterdam,culture
Amsterdam,Experience famous landmark in Amsterdam,culture
Amsterdam,Experience traditional music in Amsterdam,beach
Amsterdam,Experience local cuisine in Amsterdam,nature
Amsterdam,Experience famous landmark in Amsterdam,nature
Amsterdam,Experience traditional dance in Amsterdam,history
Amsterdam,Experience famous music in Amsterdam,shopping
Santorini,Experience authentic art in Santorini,adventure
Santorini,Experience local dance in Santorini,history
Santorini,Experience traditional music in Santorini,adventure
Santorini,Experience famous cuisine in Santorini,sightseeing
Santorini,Experience authentic market in Santorini,beach
Santorini,Experience famous art in Santorini,food
Santorini,Experience authentic market in Santorini,history
Santorini,Experience famous cuisine in Santorini,shopping
Santorini,Experience famous market in Santorini,beach
Santorini,Experience famous market in Santorini,adventure
Venice,Experience famous music in Venice,history
Venice,Experience authentic art in Venice,culture
Venice,Experience local music in Venice,sightseeing
Venice,Experience authentic cuisine in Venice,nature
Venice,Experience authentic art in Venice,nightlife
Venice,Experience authentic dance in Venice,sightseeing
Venice,Experience local art in Venice,sightseeing
Venice,Experience traditional music in Venice,shopping
Venice,Experience authentic market in Venice,art
Venice,Experience traditional market in Venice,culture
Munnar,Experience traditional festival in Munnar,culture
Munnar,Experience authentic cuisine in Munnar,art
Munnar,Experience local art in Munnar,nightlife
Munnar,Experience local market in Munnar,sightseeing
Munnar,Experience authentic dance in Munnar,beach
Munnar,Experience authentic landmark in Munnar,shopping
Munnar,Experience authentic cuisine in Munnar,beach
Munnar,Experience famous landmark in Munnar,food
Munnar,Experience authentic art in Munnar,art
Munnar,Experience traditional dance in Munnar,adventure
Maldives,Experience local music in Maldives,nightlife
Maldives,Experience famous art in Maldives,nature
Maldives,Experience local music in Maldives,culture
Maldives,Experience traditional art in Maldives,shopping
Maldives,Experience authentic art in Maldives,history
Maldives,Experience local landmark in Maldives,history
Maldives,Experience famous landmark in Maldives,art
Maldives,Experience authentic market in Maldives,sightseeing
Maldives,Experience local dance in Maldives,sightseeing
Maldives,Experience famous market in Maldives,adventure
London,Experience local landmark in London,nature
London,Experience authentic dance in London,shopping
London,Experience local music in London,shopping
London,Experience famous cuisine in London,culture
London,Experience authentic music in London,food
London,Experience traditional cuisine in London,adventure
London,Experience famous landmark in London,adventure
London,Experience traditional festival in London,history
London,Experience famous art in London,shopping
London,Experience traditional dance in London,nature
Prague,Experience traditional festival in Prague,nightlife
Prague,Experience local market in Prague,nature
Prague,Experience local cuisine in Prague,food
Prague,Experience traditional market in Prague,adventure
Prague,Experience authentic art in Prague,food
Prague,Experience famous art in Prague,nature
Prague,Experience authentic market in Prague,history
Prague,Experience authentic cuisine in Prague,nature
Prague,Experience authentic cuisine in Prague,art
Prague,Experience traditional art in Prague,shopping
Los Angeles,Experience authentic art in Los Angeles,culture
Los Angeles,Experience traditional landmark in Los Angeles,sightseeing
Los Angeles,Experience traditional landmark in Los Angeles,nature
Los Angeles,Experience local market in Los Angeles,nightlife
Los Angeles,Experience famous landmark in Los Angeles,adventure
Los Angeles,Experience famous festival in Los Angeles,nature
Los Angeles,Experience local dance in Los Angeles,adventure
Los Angeles,Experience famous landmark in Los Angeles,beach
Los Angeles,Experience authentic market in Los Angeles,sightseeing
Los Angeles,Experience traditional landmark in Los Angeles,adventure
Jaipur,Experience traditional cuisine in Jaipur,adventure
Jaipur,Experience famous cuisine in Jaipur,sightseeing
Jaipur,Experience famous landmark in Jaipur,culture
Jaipur,Experience famous music in Jaipur,history
Jaipur,Experience authentic cuisine in Jaipur,adventure
Jaipur,Experience local music in Jaipur,nature
Jaipur,Experience traditional cuisine in Jaipur,nature
Jaipur,Experience authentic festival in Jaipur,beach
Jaipur,Experience local landmark in Jaipur,adventure
Jaipur,Experience traditional festival in Jaipur,beach
Copenhagen,Experience traditional market in Copenhagen,shopping
Copenhagen,Experience famous dance in Copenhagen,food
Copenhagen,Experience authentic festival in Copenhagen,culture
Copenhagen,Experience local dance in Copenhagen,food
Copenhagen,Experience famous cuisine in Copenhagen,beach
Copenhagen,Experience famous music in Copenhagen,shopping
Copenhagen,Experience authentic landmark in Copenhagen,art
Copenhagen,Experience authentic festival in Copenhagen,art
Copenhagen,Experience authentic landmark in Copenhagen,sightseeing
Copenhagen,Experience famous dance in Copenhagen,history
Seoul,Experience authentic market in Seoul,history
Seoul,Experience authentic art in Seoul,nightlife
Seoul,Experience famous cuisine in Seoul,adventure
Seoul,Experience traditional art in Seoul,nature
Seoul,Experience authentic landmark in Seoul,beach
Seoul,Experience famous dance in Seoul,sightseeing
Seoul,Experience traditional festival in Seoul,adventure
Seoul,Experience traditional dance in Seoul,culture
Seoul,Experience local cuisine in Seoul,nightlife
Seoul,Experience local cuisine in Seoul,shopping
Vienna,Experience authentic art in Vienna,culture
Vienna,Experience traditional music in Vienna,sightseeing
Vienna,Experience traditional dance in Vienna,art
Vienna,Experience traditional landmark in Vienna,culture
Vienna,Experience famous art in Vienna,beach
Vienna,Experience authentic dance in Vienna,nightlife
Vienna,Experience famous market in Vienna,beach
Vienna,Experience traditional dance in Vienna,adventure
Vienna,Experience authentic landmark in Vienna,art
Vienna,Experience local art in Vienna,nature
Zermatt,Experience famous cuisine in Zermatt,history
Zermatt,Experience local landmark in Zermatt,adventure
Zermatt,Experience traditional music in Zermatt,adventure
Zermatt,Experience famous cuisine in Zermatt,nightlife
Zermatt,Experience traditional festival in Zermatt,sightseeing
Zermatt,Experience famous art in Zermatt,art
Zermatt,Experience authentic dance in Zermatt,food
Zermatt,Experience local cuisine in Zermatt,history
Zermatt,Experience local market in Zermatt,food
Zermatt,Experience authentic festival in Zermatt,sightseeing
Hanoi,Experience authentic festival in Hanoi,beach
Hanoi,Experience local landmark in Hanoi,sightseeing
Hanoi,Experience famous dance in Hanoi,history
Hanoi,Experience traditional cuisine in Hanoi,beach
Hanoi,Experience authentic cuisine in Hanoi,sightseeing
Hanoi,Experience famous cuisine in Hanoi,sightseeing
Hanoi,Experience local festival in Hanoi,nature
Hanoi,Experience local cuisine in Hanoi,adventure
Hanoi,Experience famous cuisine in Hanoi,culture
Hanoi,Experience traditional cuisine in Hanoi,food
Beijing,Experience local market in Beijing,beach
Beijing,Experience famous dance in Beijing,art
Beijing,Experience authentic cuisine in Beijing,nightlife
Beijing,Experience local market in Beijing,adventure
Beijing,Experience famous cuisine in Beijing,nature
Beijing,Experience famous cuisine in Beijing,history
Beijing,Experience authentic festival in Beijing,art
Beijing,Experience authentic festival in Beijing,nature
Beijing,Experience traditional music in Beijing,beach
Beijing,Experience authentic landmark in Beijing,nature
Udaipur,Experience traditional music in Udaipur,adventure
Udaipur,Experience authentic dance in Udaipur,beach
Udaipur,Experience famous cuisine in Udaipur,history
Udaipur,Experience famous art in Udaipur,sightseeing
Udaipur,Experience traditional dance in Udaipur,nightlife
Udaipur,Experience authentic market in Udaipur,shopping
Udaipur,Experience famous music in Udaipur,sightseeing
Udaipur,Experience authentic dance in Udaipur,nature
Udaipur,Experience traditional market in Udaipur,nature
Udaipur,Experience traditional market in Udaipur,art
Kuala Lumpur,Experience local dance in Kuala Lumpur,nature
Kuala Lumpur,Experience local dance in Kuala Lumpur,history
Kuala Lumpur,Experience local festival in Kuala Lumpur,nightlife
Kuala Lumpur,Experience authentic market in Kuala Lumpur,nightlife
Kuala Lumpur,Experience traditional festival in Kuala Lumpur,beach
Kuala Lumpur,Experience traditional festival in Kuala Lumpur,sightseeing
Kuala Lumpur,Experience authentic cuisine in Kuala Lumpur,art
Kuala Lumpur,Experience famous cuisine in Kuala Lumpur,food
Kuala Lumpur,Experience famous landmark in Kuala Lumpur,culture
Kuala Lumpur,Experience authentic festival in Kuala Lumpur,history
Tulum,Experience authentic art in Tulum,nightlife
Tulum,Experience authentic cuisine in Tulum,sightseeing
Tulum,Experience traditional market in Tulum,culture
Tulum,Experience traditional dance in Tulum,nightlife
Tulum,Experience authentic dance in Tulum,sightseeing
Tulum,Experience traditional market in Tulum,sightseeing
Tulum,Experience traditional cuisine in Tulum,adventure
Tulum,Experience authentic art in Tulum,culture
Tulum,Experience local festival in Tulum,nature
Tulum,Experience famous dance in Tulum,beach
Moscow,Experience local cuisine in Moscow,sightseeing
Moscow,Experience traditional market in Moscow,nature
Moscow,Experience authentic festival in Moscow,nightlife
Moscow,Experience authentic dance in Moscow,adventure
Moscow,Experience traditional music in Moscow,food
Moscow,Experience local market in Moscow,history
Moscow,Experience authentic music in Moscow,nightlife
Moscow,Experience famous festival in Moscow,nightlife
Moscow,Experience local art in Moscow,food
Moscow,Experience traditional music in Moscow,beach
Phuket,Experience famous landmark in Phuket,beach
Phuket,Experience traditional music in Phuket,nature
Phuket,Experience traditional music in Phuket,nightlife
Phuket,Experience local art in Phuket,shopping
Phuket,Experience traditional dance in Phuket,food
Phuket,Experience authentic festival in Phuket,culture
Phuket,Experience famous cuisine in Phuket,history
Phuket,Experience local festival in Phuket,nature
Phuket,Experience traditional festival in Phuket,shopping
Phuket,Experience famous art in Phuket,nature
Zurich,Experience authentic dance in Zurich,history
Zurich,Experience authentic dance in Zurich,history
Zurich,Experience traditional cuisine in Zurich,history
Zurich,Experience famous art in Zurich,shopping
Zurich,Experience traditional dance in Zurich,adventure
Zurich,Experience local market in Zurich,shopping
Zurich,Experience traditional art in Zurich,food
Zurich,Experience traditional music in Zurich,nightlife
Zurich,Experience famous dance in Zurich,sightseeing
Zurich,Experience local music in Zurich,sightseeing
Madrid,Experience famous market in Madrid,nature
Madrid,Experience famous landmark in Madrid,art
Madrid,Experience authentic art in Madrid,nature
Madrid,Experience famous dance in Madrid,culture
Madrid,Experience traditional music in Madrid,sightseeing
Madrid,Experience authentic music in Madrid,shopping
Madrid,Experience local landmark in Madrid,nature
Madrid,Experience local cuisine in Madrid,culture
Madrid,Experience authentic landmark in Madrid,sightseeing
Madrid,Experience authentic cuisine in Madrid,history
Queenstown,Experience authentic market in Queenstown,history
Queenstown,Experience famous art in Queenstown,culture
Queenstown,Experience traditional festival in Queenstown,food
Queenstown,Experience authentic festival in Queenstown,shopping
Queenstown,Experience traditional dance in Queenstown,adventure
Queenstown,Experience local festival in Queenstown,art
Queenstown,Experience famous landmark in Queenstown,culture
Queenstown,Experience authentic cuisine in Queenstown,adventure
Queenstown,Experience authentic art in Queenstown,history
Queenstown,Experience local festival in Queenstown,sightseeing
Colombo,Experience famous landmark in Colombo,nature
Colombo,Experience authentic music in Colombo,history
Colombo,Experience authentic cuisine in Colombo,history
Colombo,Experience local landmark in Colombo,beach
Colombo,Experience famous landmark in Colombo,beach
Colombo,Experience famous landmark in Colombo,culture
Colombo,Experience famous landmark in Colombo,food
Colombo,Experience traditional dance in Colombo,nature
Colombo,Experience famous festival in Colombo,beach
Colombo,Experience traditional music in Colombo,history
Langkawi,Experience famous festival in Langkawi,nightlife
Langkawi,Experience traditional market in Langkawi,nature
Langkawi,Experience traditional cuisine in Langkawi,shopping
Langkawi,Experience local music in Langkawi,sightseeing
Langkawi,Experience traditional dance in Langkawi,nightlife
Langkawi,Experience local landmark in Langkawi,food
Langkawi,Experience authentic music in Langkawi,sightseeing
Langkawi,Experience traditional music in Langkawi,shopping
Langkawi,Experience traditional dance in Langkawi,beach
Langkawi,Experience local dance in Langkawi,history
Lonavala,Experience traditional cuisine in Lonavala,nightlife
Lonavala,Experience traditional art in Lonavala,beach
Lonavala,Experience traditional landmark in Lonavala,adventure
Lonavala,Experience local landmark in Lonavala,history
Lonavala,Experience famous dance in Lonavala,food
Lonavala,Experience traditional landmark in Lonavala,sightseeing
Lonavala,Experience local market in Lonavala,adventure
Lonavala,Experience authentic landmark in Lonavala,art
Lonavala,Experience traditional market in Lonavala,shopping
Lonavala,Experience famous cuisine in Lonavala,history
Ooty,Experience famous market in Ooty,food
Ooty,Experience traditional landmark in Ooty,history
Ooty,Experience authentic landmark in Ooty,culture
Ooty,Experience traditional dance in Ooty,beach
Ooty,Experience famous music in Ooty,food
Ooty,Experience local art in Ooty,shopping
Ooty,Experience authentic festival in Ooty,shopping
Ooty,Experience local festival in Ooty,nightlife
Ooty,Experience authentic festival in Ooty,nightlife
Ooty,Experience traditional music in Ooty,history
Shimla,Experience authentic market in Shimla,beach
Shimla,Experience famous music in Shimla,art
Shimla,Experience traditional art in Shimla,sightseeing
Shimla,Experience famous dance in Shimla,beach
Shimla,Experience famous dance in Shimla,beach
Shimla,Experience local dance in Shimla,shopping
Shimla,Experience local cuisine in Shimla,history
Shimla,Experience traditional art in Shimla,culture
Shimla,Experience traditional landmark in Shimla,nightlife
Shimla,Experience famous market in Shimla,history
Darjeeling,Experience traditional cuisine in Darjeeling,sightseeing
Darjeeling,Experience traditional market in Darjeeling,nightlife
Darjeeling,Experience authentic music in Darjeeling,culture
Darjeeling,Experience local market in Darjeeling,history
Darjeeling,Experience local dance in Darjeeling,adventure
Darjeeling,Experience traditional dance in Darjeeling,art
Darjeeling,Experience local landmark in Darjeeling,adventure
Darjeeling,Experience local festival in Darjeeling,nightlife
Darjeeling,Experience local music in Darjeeling,culture
Darjeeling,Experience local market in Darjeeling,art
Helsinki,Experience local music in Helsinki,nature
Helsinki,Experience traditional art in Helsinki,history
Helsinki,Experience authentic market in Helsinki,beach
Helsinki,Experience authentic dance in Helsinki,beach
Helsinki,Experience authentic market in Helsinki,food
Helsinki,Experience famous music in Helsinki,culture
Helsinki,Experience local landmark in Helsinki,shopping
Helsinki,Experience local market in Helsinki,nature
Helsinki,Experience authentic dance in Helsinki,nature
Helsinki,Experience traditional market in Helsinki,nature
Lucerne,Experience traditional landmark in Lucerne,shopping
Lucerne,Experience authentic festival in Lucerne,art
Lucerne,Experience famous music in Lucerne,nature
Lucerne,Experience traditional market in Lucerne,sightseeing
Lucerne,Experience traditional landmark in Lucerne,beach
Lucerne,Experience authentic cuisine in Lucerne,culture
Lucerne,Experience famous market in Lucerne,sightseeing
Lucerne,Experience traditional dance in Lucerne,beach
Lucerne,Experience famous cuisine in Lucerne,beach
Lucerne,Experience local festival in Lucerne,food
Nairobi,Experience traditional market in Nairobi,shopping
Nairobi,Experience local art in Nairobi,art
Nairobi,Experience local market in Nairobi,art
Nairobi,Experience authentic landmark in Nairobi,nightlife
Nairobi,Experience famous art in Nairobi,food
Nairobi,Experience local art in Nairobi,sightseeing
Nairobi,Experience traditional market in Nairobi,beach
Nairobi,Experience famous landmark in Nairobi,history
Nairobi,Experience traditional landmark in Nairobi,food
Nairobi,Experience famous market in Nairobi,nature
Reykjavik,Experience authentic dance in Reykjavik,nature
Reykjavik,Experience local landmark in Reykjavik,shopping
Reykjavik,Experience local dance in Reykjavik,nightlife
Reykjavik,Experience authentic festival in Reykjavik,adventure
Reykjavik,Experience local dance in Reykjavik,shopping
Reykjavik,Experience traditional festival in Reykjavik,food
Reykjavik,Experience famous art in Reykjavik,nightlife
Reykjavik,Experience traditional landmark in Reykjavik,nature
Reykjavik,Experience famous market in Reykjavik,shopping
Reykjavik,Experience local festival in Reykjavik,beach
Lisbon,Experience authentic market in Lisbon,beach
Lisbon,Experience traditional market in Lisbon,art
Lisbon,Experience traditional festival in Lisbon,culture
Lisbon,Experience local dance in Lisbon,sightseeing
Lisbon,Experience local music in Lisbon,nature
Lisbon,Experience local festival in Lisbon,beach
Lisbon,Experience traditional festival in Lisbon,sightseeing
Lisbon,Experience authentic dance in Lisbon,sightseeing
Lisbon,Experience traditional landmark in Lisbon,culture
Lisbon,Experience famous music in Lisbon,nature
Edinburgh,Experience famous music in Edinburgh,adventure
Edinburgh,Experience traditional festival in Edinburgh,culture
Edinburgh,Experience famous dance in Edinburgh,sightseeing
Edinburgh,Experience local landmark in Edinburgh,shopping
Edinburgh,Experience authentic festival in Edinburgh,nature
Edinburgh,Experience traditional festival in Edinburgh,nature
Edinburgh,Experience authentic market in Edinburgh,culture
Edinburgh,Experience authentic landmark in Edinburgh,adventure
Edinburgh,Experience authentic landmark in Edinburgh,nature
Edinburgh,Experience local cuisine in Edinburgh,adventure
Budapest,Experience famous cuisine in Budapest,beach
Budapest,Experience famous landmark in Budapest,nightlife
Budapest,Experience traditional dance in Budapest,sightseeing
Budapest,Experience authentic cuisine in Budapest,shopping
Budapest,Experience famous art in Budapest,beach
Budapest,Experience famous music in Budapest,culture
Budapest,Experience traditional art in Budapest,shopping
Budapest,Experience traditional dance in Budapest,nature
Budapest,Experience authentic market in Budapest,art
Budapest,Experience famous music in Budapest,nightlife
Brussels,Experience local dance in Brussels,nightlife
Brussels,Experience traditional festival in Brussels,art
Brussels,Experience famous landmark in Brussels,nature
Brussels,Experience traditional landmark in Brussels,sightseeing
Brussels,Experience famous market in Brussels,beach
Brussels,Experience local festival in Brussels,food
Brussels,Experience authentic landmark in Brussels,sightseeing
Brussels,Experience traditional market in Brussels,shopping
Brussels,Experience famous landmark in Brussels,food
Brussels,Experience famous landmark in Brussels,history
Buenos Aires,Experience authentic dance in Buenos Aires,food
Buenos Aires,Experience authentic art in Buenos Aires,shopping
Buenos Aires,Experience authentic dance in Buenos Aires,adventure
Buenos Aires,Experience famous art in Buenos Aires,history
Buenos Aires,Experience famous music in Buenos Aires,beach
Buenos Aires,Experience famous landmark in Buenos Aires,food
Buenos Aires,Experience local music in Buenos Aires,history
Buenos Aires,Experience authentic music in Buenos Aires,beach
Buenos Aires,Experience famous cuisine in Buenos Aires,adventure
Buenos Aires,Experience local festival in Buenos Aires,culture
Cape Town,Experience famous landmark in Cape Town,nightlife
Cape Town,Experience authentic art in Cape Town,culture
Cape Town,Experience traditional landmark in Cape Town,shopping
Cape Town,Experience authentic music in Cape Town,history
Cape Town,Experience local cuisine in Cape Town,sightseeing
Cape Town,Experience authentic dance in Cape Town,art
Cape Town,Experience famous market in Cape Town,sightseeing
Cape Town,Experience famous landmark in Cape Town,beach
Cape Town,Experience local market in Cape Town,shopping
Cape Town,Experience famous art in Cape Town,shopping
Oslo,Experience traditional cuisine in Oslo,food
Oslo,Experience authentic cuisine in Oslo,sightseeing
Oslo,Experience local landmark in Oslo,history
Oslo,Experience authentic landmark in Oslo,art
Oslo,Experience local music in Oslo,art
Oslo,Experience traditional dance in Oslo,sightseeing
Oslo,Experience local dance in Oslo,culture
Oslo,Experience famous cuisine in Oslo,sightseeing
Oslo,Experience authentic dance in Oslo,beach
Oslo,Experience famous music in Oslo,nightlife
Doha,Experience local music in Doha,food
Doha,Experience authentic art in Doha,art
Doha,Experience local art in Doha,art
Doha,Experience famous music in Doha,nightlife
Doha,Experience local cuisine in Doha,adventure
Doha,Experience local market in Doha,culture
Doha,Experience traditional market in Doha,nature
Doha,Experience authentic festival in Doha,art
Doha,Experience famous music in Doha,food
Doha,Experience famous music in Doha,sightseeing
Tbilisi,Experience authentic market in Tbilisi,history
Tbilisi,Experience authentic market in Tbilisi,history
Tbilisi,Experience authentic landmark in Tbilisi,beach
Tbilisi,Experience traditional cuisine in Tbilisi,shopping
Tbilisi,Experience authentic landmark in Tbilisi,art
Tbilisi,Experience famous landmark in Tbilisi,adventure
Tbilisi,Experience famous art in Tbilisi,nature
Tbilisi,Experience authentic cuisine in Tbilisi,adventure
Tbilisi,Experience traditional art in Tbilisi,art
Tbilisi,Experience traditional dance in Tbilisi,art
Baku,Experience authentic festival in Baku,history
Baku,Experience traditional art in Baku,sightseeing
Baku,Experience local market in Baku,shopping
Baku,Experience famous music in Baku,beach
Baku,Experience famous market in Baku,art
Baku,Experience traditional dance in Baku,history
Baku,Experience traditional market in Baku,history
Baku,Experience authentic art in Baku,nature
Baku,Experience traditional art in Baku,nightlife
Baku,Experience famous dance in Baku,shopping
Thimphu,Experience local music in Thimphu,adventure
Thimphu,Experience local festival in Thimphu,culture
Thimphu,Experience local cuisine in Thimphu,culture
Thimphu,Experience famous music in Thimphu,nightlife
Thimphu,Experience famous art in Thimphu,nature
Thimphu,Experience local market in Thimphu,art
Thimphu,Experience famous dance in Thimphu,shopping
Thimphu,Experience local festival in Thimphu,food
Thimphu,Experience authentic festival in Thimphu,art
Thimphu,Experience local market in Thimphu,history
Pokhara,Experience traditional music in Pokhara,sightseeing
Pokhara,Experience authentic dance in Pokhara,nightlife
Pokhara,Experience authentic cuisine in Pokhara,nature
Pokhara,Experience authentic festival in Pokhara,culture
Pokhara,Experience traditional art in Pokhara,history
Pokhara,Experience authentic cuisine in Pokhara,food
Pokhara,Experience traditional landmark in Pokhara,beach
Pokhara,Experience local music in Pokhara,beach
Pokhara,Experience famous market in Pokhara,history
Pokhara,Experience famous landmark in Pokhara,nightlife
Kandy,Experience traditional art in Kandy,adventure
Kandy,Experience authentic dance in Kandy,food
Kandy,Experience famous art in Kandy,sightseeing
Kandy,Experience authentic dance in Kandy,nature
Kandy,Experience local festival in Kandy,history
Kandy,Experience famous dance in Kandy,culture
Kandy,Experience famous cuisine in Kandy,food
Kandy,Experience authentic market in Kandy,adventure
Kandy,Experience local landmark in Kandy,nightlife
Kandy,Experience traditional art in Kandy,nature
Mussoorie,Experience local festival in Mussoorie,culture
Mussoorie,Experience traditional cuisine in Mussoorie,shopping
Mussoorie,Experience traditional art in Mussoorie,history
Mussoorie,Experience famous market in Mussoorie,shopping
Mussoorie,Experience authentic art in Mussoorie,shopping
Mussoorie,Experience traditional art in Mussoorie,sightseeing
Mussoorie,Experience famous festival in Mussoorie,culture
Mussoorie,Experience famous market in Mussoorie,history
Mussoorie,Experience authentic art in Mussoorie,nature
Mussoorie,Experience authentic market in Mussoorie,shopping
Mount Abu,Experience authentic dance in Mount Abu,nature
Mount Abu,Experience authentic landmark in Mount Abu,adventure
Mount Abu,Experience local dance in Mount Abu,shopping
Mount Abu,Experience traditional music in Mount Abu,art
Mount Abu,Experience authentic landmark in Mount Abu,shopping
Mount Abu,Experience traditional landmark in Mount Abu,nightlife
Mount Abu,Experience local dance in Mount Abu,culture
Mount Abu,Experience authentic festival in Mount Abu,culture
Mount Abu,Experience traditional art in Mount Abu,sightseeing
Mount Abu,Experience famous market in Mount Abu,nightlife
Shillong,Experience famous dance in Shillong,sightseeing
Shillong,Experience traditional festival in Shillong,culture
Shillong,Experience famous market in Shillong,adventure
Shillong,Experience famous music in Shillong,culture
Shillong,Experience authentic music in Shillong,nightlife
Shillong,Experience famous festival in Shillong,beach
Shillong,Experience famous dance in Shillong,adventure
Shillong,Experience local landmark in Shillong,nightlife
Shillong,Experience traditional festival in Shillong,culture
Shillong,Experience authentic market in Shillong,culture
Gulmarg,Experience authentic music in Gulmarg,art
Gulmarg,Experience local music in Gulmarg,nature
Gulmarg,Experience authentic festival in Gulmarg,art
Gulmarg,Experience authentic cuisine in Gulmarg,beach
Gulmarg,Experience authentic dance in Gulmarg,beach
Gulmarg,Experience authentic art in Gulmarg,food
Gulmarg,Experience local landmark in Gulmarg,adventure
Gulmarg,Experience famous market in Gulmarg,nature
Gulmarg,Experience authentic market in Gulmarg,history
Gulmarg,Experience traditional festival in Gulmarg,nature
Kovalam,Experience authentic art in Kovalam,food
Kovalam,Experience traditional festival in Kovalam,culture
Kovalam,Experience traditional cuisine in Kovalam,culture
Kovalam,Experience authentic music in Kovalam,art
Kovalam,Experience local cuisine in Kovalam,beach
Kovalam,Experience famous landmark in Kovalam,sightseeing
Kovalam,Experience famous cuisine in Kovalam,sightseeing
Kovalam,Experience famous music in Kovalam,shopping
Kovalam,Experience authentic music in Kovalam,culture
Kovalam,Experience authentic cuisine in Kovalam,adventure
Rishikesh,Experience traditional festival in Rishikesh,adventure
Rishikesh,Experience authentic dance in Rishikesh,beach
Rishikesh,Experience authentic landmark in Rishikesh,food
Rishikesh,Experience local dance in Rishikesh,shopping
Rishikesh,Experience local festival in Rishikesh,sightseeing
Rishikesh,Experience traditional landmark in Rishikesh,culture
Rishikesh,Experience authentic art in Rishikesh,adventure
Rishikesh,Experience local music in Rishikesh,art
Rishikesh,Experience authentic market in Rishikesh,history
Rishikesh,Experience local music in Rishikesh,culture
Varanasi,Experience local music in Varanasi,art
Varanasi,Experience traditional cuisine in Varanasi,history
Varanasi,Experience traditional art in Varanasi,nightlife
Varanasi,Experience local landmark in Varanasi,sightseeing
Varanasi,Experience famous cuisine in Varanasi,shopping
Varanasi,Experience famous music in Varanasi,food
Varanasi,Experience famous dance in Varanasi,culture
Varanasi,Experience famous dance in Varanasi,history
Varanasi,Experience local music in Varanasi,nature
Varanasi,Experience local music in Varanasi,shopping
Pondicherry,Experience famous music in Pondicherry,nature
Pondicherry,Experience local art in Pondicherry,culture
Pondicherry,Experience famous festival in Pondicherry,adventure
Pondicherry,Experience famous market in Pondicherry,shopping
Pondicherry,Experience traditional festival in Pondicherry,shopping
Pondicherry,Experience traditional landmark in Pondicherry,nightlife
Pondicherry,Experience local market in Pondicherry,nightlife
Pondicherry,Experience traditional music in Pondicherry,sightseeing
Pondicherry,Experience local market in Pondicherry,shopping
Pondicherry,Experience local landmark in Pondicherry,nightlife
Chikmagalur,Experience authentic art in Chikmagalur,nightlife
Chikmagalur,Experience famous market in Chikmagalur,history
Chikmagalur,Experience famous music in Chikmagalur,culture
Chikmagalur,Experience famous art in Chikmagalur,sightseeing
Chikmagalur,Experience authentic market in Chikmagalur,shopping
Chikmagalur,Experience authentic landmark in Chikmagalur,art
Chikmagalur,Experience famous dance in Chikmagalur,adventure
Chikmagalur,Experience authentic art in Chikmagalur,history
Chikmagalur,Experience traditional festival in Chikmagalur,sightseeing
Chikmagalur,Experience local art in Chikmagalur,food
Coorg,Experience traditional art in Coorg,nightlife
Coorg,Experience authentic art in Coorg,art
Coorg,Experience local dance in Coorg,nature
Coorg,Experience authentic music in Coorg,history
Coorg,Experience local music in Coorg,nature
Coorg,Experience authentic cuisine in Coorg,art
Coorg,Experience local festival in Coorg,beach
Coorg,Experience authentic cuisine in Coorg,nightlife
Coorg,Experience famous landmark in Coorg,history
Coorg,Experience authentic art in Coorg,food
Tirupati,Experience local dance in Tirupati,history
Tirupati,Experience local market in Tirupati,culture
Tirupati,Experience traditional art in Tirupati,adventure
Tirupati,Experience authentic festival in Tirupati,adventure
Tirupati,Experience famous landmark in Tirupati,beach
Tirupati,Experience authentic cuisine in Tirupati,nightlife
Tirupati,Experience authentic landmark in Tirupati,adventure
Tirupati,Experience local music in Tirupati,history
Tirupati,Experience authentic festival in Tirupati,culture
Tirupati,Experience local dance in Tirupati,sightseeing
Aurangabad,Experience authentic cuisine in Aurangabad,history
Aurangabad,Experience local dance in Aurangabad,food
Aurangabad,Experience famous music in Aurangabad,sightseeing
Aurangabad,Experience traditional market in Aurangabad,sightseeing
Aurangabad,Experience local market in Aurangabad,history
Aurangabad,Experience authentic dance in Aurangabad,beach
Aurangabad,Experience famous festival in Aurangabad,beach
Aurangabad,Experience traditional cuisine in Aurangabad,sightseeing
Aurangabad,Experience traditional festival in Aurangabad,sightseeing
Aurangabad,Experience local dance in Aurangabad,beach
Nagpur,Experience traditional music in Nagpur,history
Nagpur,Experience famous cuisine in Nagpur,nature
Nagpur,Experience traditional music in Nagpur,culture
Nagpur,Experience traditional landmark in Nagpur,shopping
Nagpur,Experience local cuisine in Nagpur,shopping
Nagpur,Experience famous cuisine in Nagpur,shopping
Nagpur,Experience authentic market in Nagpur,art
Nagpur,Experience traditional cuisine in Nagpur,culture
Nagpur,Experience traditional music in Nagpur,beach
Nagpur,Experience authentic dance in Nagpur,adventure
Lucknow,Experience authentic market in Lucknow,culture
Lucknow,Experience famous dance in Lucknow,culture
Lucknow,Experience authentic landmark in Lucknow,nightlife
Lucknow,Experience traditional art in Lucknow,adventure
Lucknow,Experience famous music in Lucknow,food
Lucknow,Experience authentic market in Lucknow,history
Lucknow,Experience local cuisine in Lucknow,history
Lucknow,Experience famous landmark in Lucknow,beach
Lucknow,Experience local art in Lucknow,nature
Lucknow,Experience local dance in Lucknow,sightseeing
Indore,Experience traditional music in Indore,adventure
Indore,Experience famous festival in Indore,nightlife
Indore,Experience traditional dance in Indore,nightlife
Indore,Experience famous market in Indore,adventure
Indore,Experience traditional cuisine in Indore,nightlife
Indore,Experience local market in Indore,nightlife
Indore,Experience local cuisine in Indore,culture
Indore,Experience famous festival in Indore,art
Indore,Experience authentic market in Indore,adventure
Indore,Experience famous landmark in Indore,nightlife
Patna,Experience famous cuisine in Patna,art
Patna,Experience local market in Patna,art
Patna,Experience traditional landmark in Patna,nature
Patna,Experience local dance in Patna,adventure
Patna,Experience famous market in Patna,food
Patna,Experience famous art in Patna,food
Patna,Experience traditional market in Patna,adventure
Patna,Experience authentic market in Patna,nightlife
Patna,Experience authentic dance in Patna,shopping
Patna,Experience famous dance in Patna,shopping
Ranchi,Experience authentic dance in Ranchi,beach
Ranchi,Experience traditional dance in Ranchi,nightlife
Ranchi,Experience traditional dance in Ranchi,nightlife
Ranchi,Experience traditional market in Ranchi,beach
Ranchi,Experience traditional landmark in Ranchi,nightlife
Ranchi,Experience famous market in Ranchi,culture
Ranchi,Experience famous art in Ranchi,adventure
Ranchi,Experience famous cuisine in Ranchi,sightseeing
Ranchi,Experience traditional market in Ranchi,food
Ranchi,Experience traditional market in Ranchi,sightseeing
Imphal,Experience traditional market in Imphal,culture
Imphal,Experience local landmark in Imphal,history
Imphal,Experience authentic market in Imphal,nature
Imphal,Experience traditional market in Imphal,nightlife
Imphal,Experience authentic landmark in Imphal,food
Imphal,Experience local market in Imphal,nightlife
Imphal,Experience local music in Imphal,shopping
Imphal,Experience famous dance in Imphal,adventure
Imphal,Experience authentic music in Imphal,history
Imphal,Experience traditional festival in Imphal,adventure
Aizawl,Experience famous landmark in Aizawl,shopping
Aizawl,Experience authentic cuisine in Aizawl,art
Aizawl,Experience authentic cuisine in Aizawl,art
Aizawl,Experience traditional landmark in Aizawl,sightseeing
Aizawl,Experience traditional dance in Aizawl,food
Aizawl,Experience traditional art in Aizawl,art
Aizawl,Experience famous festival in Aizawl,art
Aizawl,Experience local art in Aizawl,adventure
Aizawl,Experience famous art in Aizawl,art
Aizawl,Experience traditional dance in Aizawl,beach
Agartala,Experience local art in Agartala,nature
Agartala,Experience famous landmark in Agartala,sightseeing
Agartala,Experience traditional art in Agartala,shopping
Agartala,Experience traditional festival in Agartala,sightseeing
Agartala,Experience famous festival in Agartala,culture
Agartala,Experience local art in Agartala,art
Agartala,Experience famous market in Agartala,culture
Agartala,Experience traditional landmark in Agartala,sightseeing
Agartala,Experience local landmark in Agartala,nature
Agartala,Experience authentic cuisine in Agartala,nightlife
Itanagar,Experience local art in Itanagar,art
Itanagar,Experience authentic festival in Itanagar,beach
Itanagar,Experience traditional festival in Itanagar,beach
Itanagar,Experience traditional cuisine in Itanagar,sightseeing
Itanagar,Experience traditional cuisine in Itanagar,culture
Itanagar,Experience authentic landmark in Itanagar,shopping
Itanagar,Experience local landmark in Itanagar,shopping
Itanagar,Experience famous festival in Itanagar,adventure
Itanagar,Experience authentic dance in Itanagar,history
Itanagar,Experience famous landmark in Itanagar,history
Gangtok,Experience local art in Gangtok,shopping
Gangtok,Experience local music in Gangtok,shopping
Gangtok,Experience traditional landmark in Gangtok,nightlife
Gangtok,Experience famous art in Gangtok,sightseeing
Gangtok,Experience famous landmark in Gangtok,food
Gangtok,Experience local dance in Gangtok,shopping
Gangtok,Experience authentic art in Gangtok,art
Gangtok,Experience authentic cuisine in Gangtok,food
Gangtok,Experience famous dance in Gangtok,shopping
Gangtok,Experience famous art in Gangtok,art
Port Blair,Experience local market in Port Blair,adventure
Port Blair,Experience famous art in Port Blair,shopping
Port Blair,Experience traditional dance in Port Blair,art
Port Blair,Experience authentic festival in Port Blair,adventure
Port Blair,Experience authentic market in Port Blair,culture
Port Blair,Experience local music in Port Blair,food
Port Blair,Experience famous dance in Port Blair,art
Port Blair,Experience famous festival in Port Blair,nature
Port Blair,Experience local dance in Port Blair,shopping
Port Blair,Experience local festival in Port Blair,culture
Diu,Experience local art in Diu,sightseeing
Diu,Experience famous music in Diu,adventure
Diu,Experience famous festival in Diu,art
Diu,Experience famous festival in Diu,culture
Diu,Experience traditional cuisine in Diu,sightseeing
Diu,Experience traditional festival in Diu,sightseeing
Diu,Experience local festival in Diu,shopping
Diu,Experience local music in Diu,nightlife
Diu,Experience famous art in Diu,food
Diu,Experience famous cuisine in Diu,beach
Siliguri,Experience famous cuisine in Siliguri,nature
Siliguri,Experience local festival in Siliguri,food
Siliguri,Experience famous festival in Siliguri,history
Siliguri,Experience authentic music in Siliguri,beach
Siliguri,Experience authentic festival in Siliguri,culture
Siliguri,Experience local art in Siliguri,history
Siliguri,Experience local landmark in Siliguri,beach
Siliguri,Experience famous music in Siliguri,adventure
Siliguri,Experience authentic music in Siliguri,nature
Siliguri,Experience famous music in Siliguri,sightseeing
Ajmer,Experience local cuisine in Ajmer,shopping
Ajmer,Experience famous landmark in Ajmer,adventure
Ajmer,Experience traditional landmark in Ajmer,food
Ajmer,Experience authentic cuisine in Ajmer,food
Ajmer,Experience traditional cuisine in Ajmer,beach
Ajmer,Experience traditional festival in Ajmer,nightlife
Ajmer,Experience traditional art in Ajmer,shopping
Ajmer,Experience traditional music in Ajmer,shopping
Ajmer,Experience authentic dance in Ajmer,shopping
Ajmer,Experience traditional art in Ajmer,nature
Mathura,Experience authentic market in Mathura,nature
Mathura,Experience local music in Mathura,culture
Mathura,Experience traditional festival in Mathura,beach
Mathura,Experience authentic art in Mathura,history
Mathura,Experience famous art in Mathura,sightseeing
Mathura,Experience local market in Mathura,shopping
Mathura,Experience famous art in Mathura,sightseeing
Mathura,Experience local landmark in Mathura,art
Mathura,Experience famous art in Mathura,shopping
Mathura,Experience local festival in Mathura,history
Nainital,Experience traditional landmark in Nainital,culture
Nainital,Experience local dance in Nainital,shopping
Nainital,Experience traditional art in Nainital,nightlife
Nainital,Experience local market in Nainital,sightseeing
Nainital,Experience authentic landmark in Nainital,culture
Nainital,Experience local cuisine in Nainital,culture
Nainital,Experience local landmark in Nainital,art
Nainital,Experience authentic festival in Nainital,adventure
Nainital,Experience traditional festival in Nainital,history
Nainital,Experience traditional market in Nainital,art
Bhopal,Experience local market in Bhopal,shopping
Bhopal,Experience authentic music in Bhopal,sightseeing
Bhopal,Experience traditional festival in Bhopal,beach
Bhopal,Experience local landmark in Bhopal,beach
Bhopal,Experience authentic art in Bhopal,nature
Bhopal,Experience authentic market in Bhopal,sightseeing
Bhopal,Experience famous cuisine in Bhopal,sightseeing
Bhopal,Experience traditional dance in Bhopal,art
Bhopal,Experience authentic music in Bhopal,shopping
Bhopal,Experience famous cuisine in Bhopal,nature
Pune,Experience local landmark in Pune,shopping
Pune,Experience famous landmark in Pune,sightseeing
Pune,Experience local landmark in Pune,sightseeing
Pune,Experience famous cuisine in Pune,food
Pune,Experience local dance in Pune,nightlife
Pune,Experience traditional dance in Pune,sightseeing
Pune,Experience local cuisine in Pune,food
Pune,Experience local festival in Pune,culture
Pune,Experience traditional art in Pune,adventure
Pune,Experience local market in Pune,shopping
Ahmedabad,Experience famous landmark in Ahmedabad,art
Ahmedabad,Experience local festival in Ahmedabad,food
Ahmedabad,Experience famous art in Ahmedabad,history
Ahmedabad,Experience authentic market in Ahmedabad,beach
Ahmedabad,Experience authentic festival in Ahmedabad,history
Ahmedabad,Experience authentic dance in Ahmedabad,food
Ahmedabad,Experience traditional music in Ahmedabad,history
Ahmedabad,Experience famous music in Ahmedabad,adventure
Ahmedabad,Experience famous festival in Ahmedabad,beach
Ahmedabad,Experience famous music in Ahmedabad,adventure
Visakhapatnam,Experience traditional cuisine in Visakhapatnam,art
Visakhapatnam,Experience authentic art in Visakhapatnam,art
Visakhapatnam,Experience local dance in Visakhapatnam,culture
Visakhapatnam,Experience traditional dance in Visakhapatnam,art
Visakhapatnam,Experience traditional art in Visakhapatnam,sightseeing
Visakhapatnam,Experience famous festival in Visakhapatnam,nature
Visakhapatnam,Experience authentic art in Visakhapatnam,food
Visakhapatnam,Experience authentic dance in Visakhapatnam,culture
Visakhapatnam,Experience local art in Visakhapatnam,beach
Visakhapatnam,Experience local landmark in Visakhapatnam,culture
